ID,Prénom,Nom,Numéro de téléphone,AN?,Localité,Suivi des mouvements dans les groupes Whatsapp - Communauté générale,,,,,,,Informations sur l'Appel,,,Informations concernant les Dons,,,Indications générale de suivi,,,,,,
,,,,,,A! - Nos Transports Publics (Nos TP) (communauté),,,A! - Nos TP - Accueil,,A! - Nos TP - Actions de terrain,,signé ?,recevoir des infos,soutenir activement,Somme dons précédents,Statut du don pour la levée de fonds NTP,Montant du don pour la levée de fonds NTP,Statut du(/de la) membre,Personne en charge,Dernier contact,,,Prochaine action,
,,,,,,Moyen d'entrée,Date d'entrée,Date de sortie,Date d'entrée,Date de sortie,Date d'entrée,Date de sortie,,,,,,,,,Date,Qui l'a fait,Description de l'interaction,,
1120,Christophe,Lakatos,41787466261,non,1009,a rejoint grâce au lien d'invitation,2024-05-12 00:00:00,,2024-05-13 00:00:00,,2024-05-13 00:00:00,,oui,oui,oui,50,,50,,,,,,,
389,Jean-François,Pochon,41796275231,oui,1063,rajouté·e par Steven,2024-03-25 00:00:00,,,,2024-04-30 00:00:00,,oui,oui,oui,150,,0,,,,,,,
1115,Gary,Domeniconi,41795244754,non,1007,rajouté·e par Steven,2024-03-25 00:00:00,,,,2024-04-30 00:00:00,,oui,non,oui,60,,30,,,,/,,,
30,Aurélien,Baud,41764350616,oui,1037,rajouté·e par Alex,2024-03-24 00:00:00,,2024-03-25 00:00:00,,2024-04-22 00:00:00,,oui,oui,oui,100,,0,,,,/,,,
1523,Johan,Tavernier,41789061480,non,1110,a rejoint grâce au lien d'invitation,2024-04-20 00:00:00,,2024-04-21 00:00:00,,2024-04-21 00:00:00,,oui,non,oui,0,,0,,,,Julie,  appeller vers 16:00,,
171,Annick,Pouly,41793323168,oui,1290,a rejoint grâce au lien d'invitation,2024-04-10 00:00:00,,2024-04-11 00:00:00,,2024-04-17 00:00:00,,oui,oui,oui,0,,0,,,,Alexandre,,,
52,Timothée,Bornet dit Vorgeat,41786176758,oui,1009,rajouté·e par Steven,2024-03-18 00:00:00,,2024-04-04 00:00:00,,2024-04-17 00:00:00,,oui,oui,oui,1005,,0,Bénévole actif/ve,Steven,2024-05-01 00:00:00,Alexandre,,,
214,Eric,Ducrey,41792852203,oui,1950,rajouté·e par Steven,2024-03-25 00:00:00,,2024-03-25 00:00:00,,2024-03-25 00:00:00,,oui,non,oui,40,Contact amorcé,40,,,,Alexis,Appelé le 01/05,,"ps un rond, se fait saigner par les procureurs pour désobéissance civile"
2,Steven,Tamburini,41789666468,oui,1066,a rejoint grâce au lien d'invitation,2024-03-18 00:00:00,,2024-03-18 00:00:00,,2024-03-25 00:00:00,,oui,oui,oui,1040,,250,Responsable,,,/,,,
672,Alexandre,Copertino,41798856661,oui,1868,a rejoint grâce au lien d'invitation,2024-03-16 00:00:00,,2024-03-17 00:00:00,,2024-03-17 00:00:00,,oui,oui,oui,400,,300,Responsable,,,/,,,
1503,Mapi,Bigler,41764301206,non,1018,a rejoint grâce au lien d'invitation,2024-04-14 00:00:00,,2024-04-17 00:00:00,,,,oui,oui,oui,60,,60,,,,,,,
1465,Vladislava ,Munteanu ,41766460148,non,1541,a rejoint grâce au lien d'invitation,2024-04-12 00:00:00,,2024-04-17 00:00:00,,,,oui,non,oui,0,,0,,,,/,,,
1792,Emmanuelle ,Jeanpierre Ohl,41762059552,non,1004,,,,,,,,oui,oui,oui,0,,0,,,,,,,
1286,Colleen ,Lonfat,41788030898,non,1907,a rejoint grâce au lien d'invitation,2024-04-11 00:00:00,,,,,,oui,oui,oui,0,,0,,,,,,,
1549,Nicolas,Rezin,41784060644,non,1169 Yens,,,,,,,,oui,oui,oui,0,,0,,,,,,,
1550,Clara,Sauthier,41788483684,non,1950,Invité·e à rejoindre,,,,,,,oui,oui,oui,0,,0,,,,,,,
1808,Cléa,Seydoux,41795884771,non,1012,,,,,,,,oui,oui,oui,0,,0,,,,,,,
1832,Maria,Pichon,41789533366,non,2462,,,,,,,,oui,oui,oui,0,,0,,,,,,,
1066,Toussain,Cardot,41327214276,non,2000,,,,,,,,oui,oui,oui,0,,0,,,,/,,,
1325,Lozis,Goy,41794347340,non,1860,,,,,,,,oui,oui,oui,0,,0,,,,Julie,,,A la retraite aujourd'hui
1838,Kheira ,Mazouz ,41764975689,non,1004,,,,,,,,oui,oui,oui,0,,0,,,,,,,
1839,Hennah ,Le Brette ,41767518908,non,1030,,,,,,,,oui,oui,oui,0,,0,,,,,,,
817,Chloe,Bonjour,41786399498,oui,1450,rajouté·e par Alex,2024-04-22 00:00:00,,,,,,oui,oui,oui,0,,0,,,,/,,,
1843,Ana Belén ,Romero Benítez ,41762655004,non,1008 ,,,,,,,,oui,oui,oui,0,,0,,,,,,,
1844,Isaac,Terriza vera,41765351200,non,1008,,,,,,,,oui,oui,oui,0,,0,,,,,,,
66,Laurent,Balsiger,41792500636,oui,1066,rajouté·e par Steven,2024-03-25 00:00:00,,,,,,oui,oui,oui,950,,300,,,,/,,,
1603,Dan,Claro,41793677403,non,1010,rajouté·e par Alex,2024-04-22 00:00:00,2024-04-22 00:00:00,,,,,oui,oui,oui,0,,0,,,,,,,
1096,Cédric,Bodoira,41798136700,non,3971,rajouté·e par Alex,2024-04-22 00:00:00,,,,,,oui,oui,oui,0,,0,,,,Alexandre,,,
1890,thibault,decaen,41782074202,non,1018,,,,,,,,oui,oui,oui,0,,0,,,,,,,
1636,Vincent,Lecocq,41791977280,non,1205,,,,,,,,oui,oui,oui,0,,0,,,,,,,
1637,Malina,Jaccard,41799389646,non,1205,,,,,,,,oui,oui,oui,0,,0,,,,,,,
1638,Mallorie,Ashton-Lomax,41765856474,non,1226,,,,,,,,oui,oui,oui,0,,0,,,,,,,
1640,Elena ,Portinari,41762222716,non,1206,,,,,,,,oui,oui,oui,0,À rappeler,0,,,,Alexis,"Appelé le 01/05, n'a pas répondu, SMS envoyé, appelé une deuxième fois le 08/05 pas répondu",,
1647,Léa,Paidoussis,41766158977,non,1136,,,,,,,,oui,oui,oui,0,,0,,,,/,,,
1905,Jean-Paul ,Laville,41788470592,non,2300,rajouté·e par Alex,2024-04-15 00:00:00,,,,,,oui,oui,oui,0,,0,,,,,,,
1654,Laurène,Descamps,41775285305,non,8057,,,,,,,,oui,oui,oui,0,À rappeler,0,,,,Alexis,Appelé le 01/05,,
1913,Mohamed khalil,Bel hedi,41216348200,non,1007,,,,,,,,oui,oui,oui,0,,0,,,,,,,
1914,Adrien,Vaucher,41764025628,non,1008,,,,,,,,oui,oui,oui,20,,20,,,,,,,
1915,Perside ,Limangi ,41767875340,non,1007,,,,,,,,oui,oui,oui,0,,0,,,,,,,
1668,Antoine,Zearo,33613543564,non,1203,,,,,,,,oui,oui,oui,0,,0,,,,,,,
1415,Kyong-Won ,Schärer ,41787353031,non,1820,,,,,,,,oui,oui,oui,50,,30,,,,,,,
1160,Niclas,Soljan,41786242926,non,1009,rajouté·e par Alex,2024-04-13 00:00:00,,,,,,oui,oui,oui,0,,0,,,,Julie,,,
137,Danielle,Gruaz,41798207470,oui,1004,rajouté·e par Alex,2024-04-22 00:00:00,,,,,,oui,oui,oui,0,À rappeler,0,,,,Pauline,"Tenté d'appeler le 30/05, n'etait pas dispo, à rappeler",,
1417,Irène,Bartholdi,41788900335,non,1260,,,,,,,,oui,oui,oui,0,,0,,,,,,,
1163,Allona ,Raoul Duchêne ,41767534332,non,1052,a rejoint grâce à votre invitation,2024-04-22 00:00:00,,,,,,oui,oui,oui,0,,0,,,,,,,
1934,Yannis,Frey,41799643729,non,1022,a rejoint grâce au lien d'invitation,2024-05-23 00:00:00,,,,,,oui,oui,oui,0,,0,,,,,,,
1182,Sylvain,Willy,41797091126,non,1213,,,,,,,,oui,oui,oui,0,,0,,,,,,,
1183,Brice,Seiler,41792619693,non,1052,rajouté·e par Alex,2024-04-22 00:00:00,2024-05-01 00:00:00,,,,,oui,oui,oui,220,,120,,,,,,,
1700,Leslie,Grossenbacher ,41795108083,non,1095,,,,,,,,oui,oui,oui,0,,0,,,,,,,
1958,Samuel,Damiani,41762031037,non,1018,,,,,,,,oui,oui,oui,0,,0,,,,,,,
1703,Esteban,Pereira Gauzence ,41762716197,non,1012,,,,,,,,oui,oui,oui,0,,0,,,,Lighea,,,"Etudiant au gymnase de Bugnon. Il était déjà sur notre mailing list avant cette campagne. Intéressé à être bénévole. J'ai dit à Alex de le rappeler. Pourrait aussi être intéressé à aider sur la campagne pour les droits politiques. Je ne lui ai pas demandé de don vu qu'il est au gymnase, mais lui ai demandé de partager à son entourage l'appel et la demande de don. C'était un ask trop vague néanmoins, donc il faudrait le lui refaire de manière plus précise (ex demander à ses parents). Aussi, j'ai oublié de lui demander s'il est/veut être sur la communauté whatsapp."
424,Pierre,Jaccard,41797007039,oui,1095,,,,,,,,oui,oui,oui,0,,0,,,,/,,,
1708,LUCAS,DUPONT,41798722329,non,1184,,,,,,,,oui,oui,oui,50,À rappeler,50,,,,Julie,,,
1710,Sara,Bornet ,41774546312,non,2822,,,,,,,,oui,oui,oui,0,,0,,,,,,,
1728,Julien,Gautier,41792017078,non,1752,,,,,,,,oui,oui,oui,0,,0,,,,,,,
1990,Pierrick,Berruyer,41762143291,non,1052,,,,,,,,oui,oui,oui,5,,5,,,,,,,
202,Philippe,Maniscalco,41797031425,oui,1010,,,,,,,,oui,oui,oui,5,,0,,,,/,,,
1995,Marie ,Giovanola ,41793507292,non,2300,,,,,,,,oui,oui,oui,0,,0,,,,,,,
1745,Geneviève,Perrenoud,41796754086,non,1012,,,,,,,,oui,oui,oui,0,,0,,,,,,,
2002,Aurelien,le joncour ,41774545982,non,1950,,,,,,,,oui,oui,oui,0,,0,,,,,,,
1747,Benoit,Lange,41785783138,non,1012,,,,,,,,oui,oui,oui,0,,0,,,,,,,
1772,Solange,Grosjean,41765455202,non,1170,,,,,,,,oui,oui,oui,0,,0,,,,,,,
1773,Niklaus,Johner,41763021220,non,1066,,,,,,,,oui,oui,oui,0,,0,,,,,,,
1807, Line Hajar,Mohamed,41775042517,non,1006,,,,,,,,oui,non,oui,0,,0,,,,,,,
1570,Timéo,Neurohr,41786224824,non,3979,,,,,,,,oui,non,oui,0,,0,,,,,,,
1576,Evan,Bollinger,41762094945,non,1044,,,,,,,,oui,non,oui,0,,0,,,,/,,,
1850,Aurelien,Balice-Debbas,41797406028,non,1007,,,,,,,,oui,non,oui,0,,0,,,,,,,
1852,Zya,Gayoso ,41782245335,non,1009,,,,,,,,oui,non,oui,0,,0,,,,,,,
1099,Claire,Manzini,41793947014,non,1006,WA!,,,,,,,oui,non,oui,0,,0,,,,,,,
1102,Emeline,Beaud,33636239225,non,74800,rajouté·e par Alex,2024-04-22 00:00:00,2024-04-23 00:00:00,,,,,oui,non,oui,0,,0,,,,,,,
1639,Aijan,Muktar,41798132089,non,1226,,,,,,,,oui,non,oui,20,,20,,,,,,,
1648,Elisa,Laurin,41763641662,non,1208,,,,,,,,oui,non,oui,0,,0,,,,,,,
1917,Aya,Atie,41788566623,non,1110,,,,,,,,oui,non,oui,0,,0,,,,,,,
1923,Fabiano,De Donno,41763315815,non,1037,,,,,,,,oui,non,oui,0,,0,,,,,,,
1924,Sara,Aniello,41764701774,non,1029,,,,,,,,oui,non,oui,0,,0,,,,,,,
650,léonie,schmid,41775201220,oui,1400,,,,,,,,oui,non,oui,0,,0,,,,/,,,
1931,Laura,Cipriano,41799465284,non,1180,,,,,,,,oui,non,oui,0,,0,,,,,,,
657,Magali,Riclet-N'Cho,41764268716,oui,1046,rajouté·e par Alex,2024-03-24 00:00:00,2024-05-11 00:00:00,,,,,oui,non,oui,0,,0,,,,/,,,
1939,Victoria,Chalain,33762418299,non,1024,,,,,,,,oui,non,oui,0,,0,,,,,,,
1950,Baptiste,De Bernardis ,41797562012,non,1008,,,,,,,,oui,non,oui,0,,0,,,,,,,
1698,Romain,Pilloud,41786139233,non,info@romai,,,,,,,,oui,non,oui,0,,0,,,,/,,,
1957,David,Gonseth,41789659656,non,1004,,,,,,,,oui,non,oui,0,,0,,,,,,,
1988,Frédérique ,Nguema ,41787107413,non,1085,,,,,,,,oui,non,oui,0,,0,,,,,,,
1254,Danuta,Pasche,41792756762,non,1321 Arnex,Invité·e à rejoindre,,,,,,,oui,non,oui,0,,0,,,,,,,
1013,Alix,Muller,41788240450,oui,1860,,,,,,,,oui,non,oui,60,,60,,,,,,,
5,Lighea,Ardia,41787091087,oui,1462,rajouté·e par Alex,2024-03-24 00:00:00,,,,2024-04-30 00:00:00,,oui,oui,non,930,,5,,,,/,,,
1529,Aimie,Chiron,33683317325,non,1020,rajouté·e par Alex,2024-04-25 00:00:00,,2024-04-26 00:00:00,,2024-04-26 00:00:00,,oui,non,non,0,,0,,,,,,,
1076,Césarine ,Escher,41799344324,non,1950,rajouté·e par Alex,2024-04-22 00:00:00,,2024-04-25 00:00:00,,2024-04-25 00:00:00,,oui,oui,non,0,À rappeler,0,,,,Pauline,"Tenté d'appeler le 30/05, n'etait pas dispo, à rappeler",,
513,Julie,Salumu,41762138959,oui,1000,rajouté·e par Alex,2024-03-24 00:00:00,,2024-03-28 00:00:00,,2024-04-22 00:00:00,,oui,non,non,311,,1,,,,/,,,
323,Camille,Ory,41774926889,oui,3012,rajouté·e par Alex,2024-04-19 00:00:00,,2024-04-21 00:00:00,,2024-04-21 00:00:00,,oui,oui,non,20,,20,,,,,,,
1217,Diane,Trabacchi,41789623117,non,1950,a rejoint grâce au lien d'invitation,2024-04-10 00:00:00,,2024-04-17 00:00:00,,2024-04-17 00:00:00,,oui,oui,non,0,,0,Bénévole potentiel·le,Alex,2024-04-17 00:00:00,Alex,"Réunion publique Valais, motivée à faire du pàp ds son immeuble",1:1,
1070,Solène,Beaud,33613283455,non,1018,rajouté·e par Alex,2024-03-24 00:00:00,,2024-03-28 00:00:00,,2024-04-13 00:00:00,,oui,oui,non,60,Don validé,60,,,,Julie,,,
758,Dimitri,Wybaillie,33769765678,oui,1005,rajouté·e par Alex,2024-03-24 00:00:00,,2024-03-26 00:00:00,,2024-03-26 00:00:00,,oui,non,non,20,,20,,,,/,,,
140,Alicia,Rudaz,41787577591,oui,1003,rajouté·e par Steven,2024-03-25 00:00:00,,2024-03-25 00:00:00,,2024-03-25 00:00:00,,oui,oui,non,40,,20,,,,Julie,,,
732,Solène,Perrolle,41786420810,oui,2905,a rejoint grâce au lien d'invitation,2024-03-21 00:00:00,,2024-03-25 00:00:00,,2024-03-25 00:00:00,,oui,oui,non,200,,100,,,,/,,,
753,Angela,Zimmermann,41792916254,oui,1203,rajouté·e par Alex,2024-03-24 00:00:00,2024-03-25 00:00:00,2024-03-25 00:00:00,2024-03-25 00:00:00,2024-03-25 00:00:00,2024-03-25 00:00:00,oui,oui,non,0,,0,,,,/,,,
150,Bastien,Wermeille,41795396468,oui,2873,rajouté·e par Steven,2024-03-25 00:00:00,,2024-03-25 00:00:00,,2024-03-25 00:00:00,,oui,non,non,280,,280,,,,,,,
152,Benji,Rochat,41768031297,oui,1007,a rejoint grâce au lien d'invitation,2024-03-21 00:00:00,,2024-03-24 00:00:00,,2024-03-25 00:00:00,,oui,oui,non,100,,0,Bénévole actif/ve,Steven,2024-05-01 00:00:00,Julie,,,Il est venu récemment aux actions d'AG!SSONS ~ Lancement médiatique + Préparation des panneaux + Formation 201. Il est au chômage et a du temps (et de la motivation) pour s'engager dans AG!SSONS.
1111,Fabian ,Dayen ,41792451826,non,1950 ,a rejoint grâce à votre invitation,2024-04-02 00:00:00,,2024-05-24 00:00:00,,,,oui,oui,non,0,,0,,,,Julie,,,
1626,Corinne,Nouatin,41798368957,non,1009,rajouté·e par Alex,2024-04-22 00:00:00,,2024-05-13 00:00:00,,,,oui,oui,non,0,,0,,,,/,,,
648,Valérie,Wilhelm,41793728806,oui,1072,a rejoint grâce au lien d'invitation,2024-04-20 00:00:00,,2024-04-23 00:00:00,,,,oui,oui,non,0,,0,,,,/,,,
1300,Alexandra ,Zweifel ,41787086330,non,1304,rajouté·e par Alex,2024-04-22 00:00:00,,2024-04-22 00:00:00,,,,oui,oui,non,0,À rappeler,0,,,,Alexis,"Appelé le 01/05, n'a pas répondu, SMS envoyé, appelé une deuxième fois le 08/05 pas répondu",,
278,Théodore,Lavanchy,41789190799,oui,1595,a rejoint grâce au lien d'invitation,2024-04-20 00:00:00,,2024-04-21 00:00:00,,,,oui,non,non,100,Don validé,100,,,,Julie,,,
1246,Alexandra ,Dresti,41786920817,non,3966,a rejoint grâce au lien d'invitation,2024-04-19 00:00:00,,2024-04-21 00:00:00,,,,oui,non,non,0,,0,,,,,,,
1202,Sherif,Zenuni,41797098989,non,1018,a rejoint grâce au lien d'invitation,2024-04-10 00:00:00,,2024-04-17 00:00:00,,,,oui,oui,non,0,,0,,,,,,,
1316,Catherine ,LADIMI-APEL ,41797670175,non,1213,a rejoint grâce au lien d'invitation,2024-04-11 00:00:00,,2024-04-11 00:00:00,,,,oui,oui,non,0,,0,,,,,,,
56,Corinne,Favre,41787400194,oui,1092,a rejoint grâce au lien d'invitation,2024-04-11 00:00:00,,2024-04-11 00:00:00,,,,oui,oui,non,100,,0,,,,/,,,
1148,Bertrand,Martinelli,41786842700,non,1052,a rejoint grâce au lien d'invitation,2024-04-10 00:00:00,,2024-04-11 00:00:00,,,,oui,oui,non,0,,0,,,,/,,,
1084,Marie,GUILLAUMOND,41786190390,non,1870,a rejoint grâce au lien d'invitation,2024-03-21 00:00:00,,2024-04-11 00:00:00,,,,oui,non,non,0,Ne souhaite pas être recontacté-e,0,,Alex,,Pauline,Appelée le 16/05,,Est déjà dans une campagne de financement en ce moment donc ne peut pas donner mais soutient clairement
1089,Aurore,Petitpierre,41798428780,non,1110,a rejoint grâce au lien d'invitation,2024-04-10 00:00:00,,2024-04-11 00:00:00,,,,oui,non,non,0,,0,,,,,,,
1000,Darius,Farman,41786273970,oui,1024,rajouté·e par Alex,2024-04-03 00:00:00,,2024-04-04 00:00:00,,,,oui,oui,non,0,,0,,,,,,,
132,Olivier,Raccaud,41792473082,oui,1066,rajouté·e par Steven,2024-03-25 00:00:00,,2024-03-28 00:00:00,,,,oui,oui,non,1151,,1,,,,Alexis,,,si jamais il est au comité ahaha
1454,Celia,Blanc,41796249818,non,1775,rajouté·e par Alex,2024-03-24 00:00:00,,2024-03-25 00:00:00,,,,oui,non,non,0,,0,Bénévole potentiel·le,Alex,2024-04-08 00:00:00,Alex,Proposé 1:1,,
1230,Laetitia,Bruchez,41764487965,non,1950,rajouté·e par Alex,2024-03-24 00:00:00,,2024-03-25 00:00:00,,,,oui,non,non,0,,0,,,,/,,,
1024,Léonard,Guyot,41798108144,oui,1023,,,,,,,,oui,oui,non,0,,0,,,,/,,,
1280,David,Andenmatten,41217013094,non,1802,WA!,,,,,,,oui,oui,non,0,,0,,,,/,,,
1281,Justine ,Binggeli ,41788065040,non,1040,,,,,,,,oui,oui,non,0,,0,,,,,,,
8,Arthur,Graz,41794106970,oui,1007,rajouté·e par Alex,2024-04-22 00:00:00,,,,,,oui,oui,non,0,,0,,,,/,,,
1288,FABIEN MICHEL,SCHNEIDER,821042195679,non,4018,,,,,,,,oui,oui,non,0,,0,,,,,,,
1801,Lorena,Uzquiza,41762441310,non,1024,,,,,,,,oui,oui,non,0,,0,,,,,,,
1290,Nicolas ,Gschwend ,41793372562,non,2300,,,,,,,,oui,oui,non,120,,120,,,,,,,
1296,Andrea,Schmidt,41774503478,non,1066,Invité·e à rejoindre,,,,,,,oui,oui,non,0,Ne souhaite pas être recontacté-e,0,,,,Pauline,"""je ne vais pas m'engager plus que ça""",,
273,Bérénice,Goguelet,41796197440,oui,1400,rajouté·e par Alex,2024-04-22 00:00:00,,,,,,oui,oui,non,160,,50,,,,/,,,
1297,Fabien,Fleury,41763319939,non,2824,,,,,,,,oui,oui,non,0,,0,,,,/,,,
1556,Éloïse ,Durgnat ,41794190913,non,1860,rajouté·e par Alex,2024-04-22 00:00:00,,,,,,oui,oui,non,0,,0,,,,,,,
1301,Julietta,Serey Nansi,41763102045,non,1217,,,,,,,,oui,oui,non,0,,0,,,,,,,
791,Frédérique,Cachin,41798355644,oui,1374,,,,,,,,oui,oui,non,0,À rappeler,0,,,,Alexis,Appelé le 01/05,,
1815,Thibault,Richard,41793787239,non,1007,,,,,,,,oui,oui,non,0,,0,,,,,,,
1304,Anne-Christelle,Rol,41786012678,non,1071,rajouté·e par Alex,2024-04-22 00:00:00,2024-04-26 00:00:00,,,,,oui,oui,non,0,,0,,,,,,,
1305,Nikita,Audergon,41764012674,non,1565,,,,,,,,oui,oui,non,0,,0,,,,,,,
1306,Martin,Rais,41797451001,non,1053,,,,,,,,oui,oui,non,0,,0,,,,,,,
1307,François,Rittmeyer,41786052857,non,1804,,,,,,,,oui,oui,non,0,,0,,,,/,,,
1309,Amélie,Keller,41767345334,non,1815,rajouté·e par Alex,2024-04-22 00:00:00,,,,,,oui,oui,non,0,,0,,,,Alexandre,,,
1821,Margherita Maria ,De Lorenzi ,41767366935,non,1227,,,,,,,,oui,oui,non,0,,0,,,,,,,
1054,Marielle,Jacquier,41795643146,oui,1004,,,,,,,,oui,oui,non,0,,0,,,,/,,,
1310,Florian,Jacquemet,41788232290,non,1006,,,,,,,,oui,oui,non,0,,0,,,,/,,,
1566,Margriet,Hurni,41795760157,non,1009,,,,,,,,oui,oui,non,0,,0,,,,,,,
1313,Paul,Castelain,41788639233,non,1006,,,,,,,,oui,oui,non,0,,0,,,,,,,
35,Tiago,Branquino,41794404909,oui,1800,,,,,,,,oui,oui,non,0,,0,,,,/,,,
1572,Christophe,Thetaz,41794463081,non,1926,rajouté·e par Alex,2024-04-22 00:00:00,,,,,,oui,oui,non,0,,0,,,,,,,
39,Valérie,Borloz,41794015766,oui,1329,,,,,,,,oui,oui,non,300,,0,,,,/,,,
1320,Alain ,Cornali ,41796991329,non,1700,rajouté·e par Alex,2024-04-22 00:00:00,2024-05-03 00:00:00,,,,,oui,oui,non,0,,0,,,,,,,
41,Renaud,Pidoux,41787034200,oui,1202,,,,,,,,oui,oui,non,40,,40,,,,/,,,
1833,Camille,Bierens de Haan,41786775517,non,1205,rajouté·e par Alex,2024-04-22 00:00:00,,,,,,oui,oui,non,0,,0,,,,Julie,,,
1322,Katarzyna,Gornik,41798116853,non,1010,,,,,,,,oui,oui,non,0,,0,,,,,,,
1578,Sonia,Crettaz,41794895260,non,1920,a rejoint grâce au lien d'invitation,2024-04-20 00:00:00,,,,,,oui,oui,non,0,,0,,,,/,,,
555,Micaela,Campiche,41797770018,oui,1003,,,,,,,,oui,oui,non,0,,0,,,,,,,
1067,Celine,Hubert,41794264332,non,3007 ,rajouté·e par Alex,2024-04-22 00:00:00,,,,,,oui,oui,non,0,À rappeler,0,,,,Alexis,"Appelé le 01/05, n'a pas répondu, SMS envoyé",,
1579,Melody ,Thévoz ,41792604461,non,1007,a rejoint grâce au lien d'invitation,2024-04-20 00:00:00,,,,,,oui,oui,non,0,,0,,,,,,,
1835,Marta,Viñals Benito,41779996544,non,1004,a rejoint grâce au lien d'invitation,2024-05-16 00:00:00,,,,,,oui,oui,non,0,,0,,,,,,,
1580,Bladimir ,Meneses,41765808679,non,1400,rajouté·e par Alex,2024-04-22 00:00:00,,,,,,oui,oui,non,0,,0,,,,Julie,,,
45,Marc,Lebon,41786635673,oui,1009,,,,,,,,oui,oui,non,20,,20,,,,/,,,
1069,Utkucan,Kartal,41789212955,non,1633,,,,,,,,oui,oui,non,10,,10,,,,,,,
1326,Fabrizia,Zanettin Barbin,41763987257,non,1293,,,,,,,,oui,oui,non,0,,0,,,,/,,,
1328,bernard,borel,41795002264,non,1860,rajouté·e par Alex,2024-04-22 00:00:00,,,,,,oui,oui,non,0,,0,,,,Lighea,Pas les moyens de donner.,,"Médecin retraité, sur Aigle, et membre de longue date du POP. Il mène depuis des années un combat pour des transports publics gratuits. Assez chaud à nous aider sur le terrain, dont il a l'habitude évidemment, en fonction de ses dispos. Va aussi partager notre appel autour de lui. Super sympa."
1073,Martin,Weissenberger,32493305790,non,1560,,,,,,,,oui,oui,non,0,,0,,,,/,,,
1329,Anne-Marie,Malizia,41763466323,non,1093,rajouté·e par Alex,2024-04-22 00:00:00,,,,,,oui,oui,non,0,,0,,,,/,,,
1074,Réjane ,Vollichard ,41774265681,non,1024,,,,,,,,oui,oui,non,0,,0,,,,Gary,,,
1330,Achille,Cachin,41767431207,non,1374,rajouté·e par Alex,2024-04-22 00:00:00,,,,,,oui,oui,non,0,,0,,,,/,,,
1075,Nicolas,Delacrausaz,41796840147,non,1008,,,,,,,,oui,oui,non,0,,0,,,,/,,,
1077,Charly,Morier,41786902972,non,1024,rajouté·e par Alex,2024-04-22 00:00:00,,,,,,oui,oui,non,0,,0,,,,,,,
1078,Benoît ,Aubry ,41789200228,non,1008 ,rajouté·e par Alex,2024-04-22 00:00:00,,,,,,oui,oui,non,0,,0,,,,/,,,
567,Myriam,Gazut,41795701452,oui,1224,,,,,,,,oui,oui,non,300,,100,,,,Tarek,,,
1335,Damien,Dietrich,41763698692,non,1202,a rejoint grâce au lien d'invitation,2024-04-11 00:00:00,,,,,,oui,oui,non,0,,0,,,,/,,,
1591,Maxence,Ballif,41794686875,non,1800,,,,,,,,oui,oui,non,0,,0,,,,,,,
1080,Samuel,hersch ,41774415686,non,1007,,,,,,,,oui,oui,non,0,,0,,,,Gary,,,
1081,Sylvain,Pillet,41793198324,non,1723,a rejoint grâce au lien d'invitation,2024-05-21 00:00:00,,,,,,oui,oui,non,20,À rappeler,20,,,,Julie,,,"Infos Crowdfunding, soirée d'inté, demander grpe WhatsApp "
1337,Hakim,Nidegger,41766712754,non,1205,,,,,,,,oui,oui,non,0,Contact amorcé,0,,,,Pauline,Appeléx le 16/05,,"N'est pas en capacité de faire de don, mais a accepté d'envoyer le lien du crowdfunding à des proches. Message envoyé."
1082,Silvia ,Bron-Salgado ,41792524751,non,1357,,,,,,,,oui,oui,non,0,,0,,,,,,,
1338,Achille ,Freymond ,41797978579,non,1020,a rejoint grâce au lien d'invitation,2024-04-11 00:00:00,2024-04-11 00:00:00,,,,,oui,oui,non,0,,0,,,,,,,
571,Audrey,Rosset,41764893445,oui,1800,rajouté·e par Alex,2024-04-22 00:00:00,,,,,,oui,oui,non,0,À rappeler,0,,,,Alexis,Appelé le 01/05,,
1083,Céline ,Muller,41795747927,non,1040,rajouté·e par Alex,2024-04-22 00:00:00,2024-04-05 00:00:00,,,,,oui,oui,non,0,,0,,,,,,,
316,Ania,Wisniak,41789088665,oui,1007,rajouté·e par Alex,2024-04-22 00:00:00,,,,,,oui,oui,non,0,,0,,,,Alexandre,,,
61,Pierre,Patelli,41795291299,oui,1260,,,,,,,,oui,oui,non,0,À rappeler,0,,,,Pauline,"Tenté d'appeler le 30/05, n'etait pas dispo, à rappeler",,
573,Melissa,Torres,41797904380,oui,1009,a rejoint grâce au lien d'invitation,2024-04-10 00:00:00,,,,,,oui,oui,non,0,,0,,,,,,,
1085,Thomas,Wiesel,41797630748,non,1004,,,,,,,,oui,oui,non,0,,0,,,,,,,
1342,Elisa,Pasche,41797583067,non,1700,Invité·e à rejoindre,,,,,,,oui,oui,non,0,,0,,,,,,,
1598,Aurélie,Lasserre,41777942791,non,1004,WA!,,,,,,,oui,oui,non,0,,0,,,,,,,
1087,Mahault,Berset,41769876787,non,1688,,,,,,,,oui,oui,non,0,,0,,,,/,,,
1088,Teo,Frei,41765343351,non,1201,rajouté·e par Steven,2024-03-25 00:00:00,,,,,,oui,oui,non,0,,0,,,,Gary,,,
1856,Emma,Eyholzer ,41786625466,non,1358,,,,,,,,oui,oui,non,0,,0,,,,,,,
1345,Mallory,Barth,41799060377,non,1950,,,,,,,,oui,oui,non,0,,0,,,,,,,
1601,Mel,Alsina,41782281105,non,1226,,,,,,,,oui,oui,non,0,,0,,,,,,,
1090,Bénédicte,Vernet,41791328702,non,1005,rajouté·e par Alex,2024-04-22 00:00:00,,,,,,oui,oui,non,0,,0,,,,,,,
1346,Corinne ,Uldry ,41794234391,non,1005 ,WA!,,,,,,,oui,oui,non,0,,0,,,,/,,,
1602,Olivier,Chevallier,41768244269,non,1228,,,,,,,,oui,oui,non,0,,0,,,,,,,
1091,Mégane,Spicher ,41798127115,non,1009,,,,,,,,oui,oui,non,0,,0,,,,,,,
1092,Mathilde,Bolle,33633168543,non,74200 Fran,,,,,,,,oui,oui,non,0,,0,,,,,,,
1348,Andrea,Kambale,41775071475,non,1004,rajouté·e par Alex,2024-04-22 00:00:00,,,,,,oui,oui,non,0,,0,,,,,,,
1093,PHILIPPE,MICHEL,41788919058,non,1004,a rejoint grâce au lien d'invitation,2024-03-25 00:00:00,,,,,,oui,oui,non,0,À rappeler,0,,,,Julie,Verif situation slmt,,Doit donner à la fin du mois - contact de Steven.tamburini@agissons-ch.org
1094,Pierre,Groslambert,41782106160,non,1004,,,,,,,,oui,oui,non,0,,0,,,,,,,
1095,Claudia,Cantoni,41764667774,non,6948,a rejoint grâce à votre invitation,2024-04-22 00:00:00,,,,,,oui,oui,non,0,,0,,,,Tarek,,,
1608,Julia,Magnin,41774769987,non,1007,,,,,,,,oui,oui,non,0,À rappeler,0,,,,Alexis,"Appelé le 01/05, n'a pas répondu, SMS envoyé, appelé une deuxième fois le 08/05 pas répondu",,
1864,Julie,Kueng,41796340482,non,1020,,,,,,,,oui,oui,non,0,,0,,,,,,,
73,Simon,Berthoud,41774494693,oui,1203,rajouté·e par Steven,2024-03-25 00:00:00,,,,,,oui,oui,non,3250,,250,,,,Pauline,,,
1353,Louise,Noel du Payrat,41796286138,non,1022,,,,,,,,oui,oui,non,0,,0,,,,,,,
1098,Alec,Parrat,41787925501,non,1110,rajouté·e par Alex,2024-04-22 00:00:00,,,,,,oui,oui,non,0,,0,,,,,,,
1610,François ,Martin,41229643057,non,1832,,,,,,,,oui,oui,non,0,,0,,,,,,,
1100,Andrea,Dorigo,41766679259,non,1066,a rejoint grâce à votre invitation,2024-04-22 00:00:00,,,,,,oui,oui,non,0,,0,,,,Tarek,,,
1101,Vincent,Guidoux,41798116345,non,1400,,,,,,,,oui,oui,non,0,,0,,,,,,,
1614,Julia,Derijard-Pelegri,33782555907,non,1007,,,,,,,,oui,oui,non,0,,0,,,,,,,
1870,Douglas ,Stumpp,41796983761,non,1023,,,,,,,,oui,oui,non,0,,0,,,,,,,
1103,Sarah Mélissa,Behar,41797907536,non,1400,,,,,,,,oui,oui,non,0,,0,,,,,,,
1615,Vlada,Nazarenko ,41764515929,non,1252,,,,,,,,oui,oui,non,10,Don validé,10,,,,Alexis,Chaud pour bénévoler + ajout sur groupe WA,Chaud pour bénévoler + ajout sur groupe WA,A donné 10.-. envoyé un SMS pour le gorupe WA le 16/05
1104,Richard,Spitzer,41786905467,non,1135,,,,,,,,oui,oui,non,0,,0,,,,,,,
1616,Jean-Daniel ,Bonjour ,41792517256,non,1073,,,,,,,,oui,oui,non,0,,0,,,,Gary,,,
1105,Bruno,Leemann ,41793336947,non,1209,rajouté·e par Alex,2024-04-22 00:00:00,2024-04-22 00:00:00,,,,,oui,oui,non,0,,0,,,,,,,
1617,Marcel ,Paquier,41794489663,non,1004,a rejoint grâce au lien d'invitation,2024-04-20 00:00:00,,,,,,oui,oui,non,0,,0,,,,,,,
1107,Christine,Keller,41789352515,non,1815,WA!,,,,,,,oui,oui,non,0,,0,,,,,,,
1108,Marie-paule,Smirnoff,41796319331,non,1800,,,,,,,,oui,oui,non,0,,0,,,,,,,
1368,Axel,Andersson,41798389892,non,1023,rajouté·e par Alex,2024-04-22 00:00:00,,,,,,oui,oui,non,60,,60,,,,,,,
1880,Elodie,Bal-Blanc,41794333905,non,1040,,,,,,,,oui,oui,non,0,,0,,,,,,,
1113,Francisco,Ferreira de Melo,41786727570,non,1000,,,,,,,,oui,oui,non,0,,0,,,,/,,,
1881,Lucas ,Martinez ,41774526733,non,1012,,,,,,,,oui,oui,non,0,,0,,,,,,,
1371,Kevin,Paciso,41786993031,non,1963,,,,,,,,oui,oui,non,0,,0,,,,,,,
92,marc,schlesser,41766150545,oui,1814,,,,,,,,oui,oui,non,60,,0,,,,Tarek,,,
93,Brigitte,Nicod,41792876622,oui,1006,rajouté·e par Steven,2024-03-25 00:00:00,,,,,,oui,oui,non,1820,,120,,,,Julie,,,
1119,Jessica,Francisco,41787554687,non,1006,,,,,,,,oui,oui,non,0,,0,,,,Alexis,,,À appeler dans une conversation spécifique 
1121,Ivan,Baertschi,41786421162,non,1971,,,,,,,,oui,oui,non,0,,0,,,,,,,
98,Yann,Bechtel,41786154575,oui,1271,,,,,,,,oui,oui,non,60,,0,,,,/,,,
1122,Magali,Dumureau,41774639057,non,1020,,,,,,,,oui,oui,non,0,,0,,,,,,,
1378,Jean-Louis,Scartezzini,41792217468,non,1019,,,,,,,,oui,oui,non,0,,0,,,,,,,
1634,Victor,Despland ,41795302247,non,1007,,,,,,,,oui,oui,non,0,,0,,,,,,,
359,Pierre,Zahnd,41798255251,oui,25300,,,,,,,,oui,oui,non,0,,0,,,,Alexandre,,,
1127,Bernard,Pouly,41797241249,non,1290,rajouté·e par Alex,2024-04-22 00:00:00,2024-05-22 00:00:00,,,,,oui,oui,non,0,,0,,,,,,,
1383,Léonard ,Reichen ,41764490125,non,2300,a rejoint grâce au lien d'invitation,2024-04-11 00:00:00,,,,,,oui,oui,non,100,,100,,,,,,,
1129,Nancy,Michel,41797528964,non,1800,,,,,,,,oui,oui,non,0,,0,,,,,,,
1641,Damien,Corajod,41788028396,non,1227,,,,,,,,oui,oui,non,0,,0,,,,,,,
1642,Catherine,Lafont,33651626469,non,74350,,,,,,,,oui,oui,non,0,,0,,,,,,,
1131,Thomas ,Delalay,41792123427,non,1958,,,,,,,,oui,oui,non,0,,0,,,,/,,,
1643,Océane ,Stiassny,41763580115,non,1004,,,,,,,,oui,oui,non,0,,0,,,,,,,
620,Frederic,Dreyer,41798196250,oui,1090,,,,,,,,oui,oui,non,20,,0,,,,/,,,
1901,Matthieu ,Bertoncini ,41798219712,non,1041,,,,,,,,oui,oui,non,0,,0,,,,,,,
1134,Maryse, Badan Bâ,41788203535,non,1815,,,,,,,,oui,oui,non,0,,0,,,,,,,
1135,Martine,Rouiller,41774438972,non,1890,rajouté·e par Alex,2024-03-24 00:00:00,,,,,,oui,oui,non,0,,0,Sympathisant·e,Alex,2024-04-08 00:00:00,/,,,
1391,Elise ,Ehalt,41766502725,non,1012,rajouté·e par Alex,2024-04-22 00:00:00,,,,,,oui,oui,non,0,,0,,,,,,,
1136,Naomi,Couthon,41763044073,non,1008,,,,,,,,oui,oui,non,0,À rappeler,0,,,,Alexis,Appelé le 01/05,,
1392,Johan,Abram,41768032058,non,1800,,,,,,,,oui,oui,non,0,À rappeler,0,,,,Alexis,Appelé le 01/05,,
115,Estelle,Divorne,41793757227,oui,1132,WA!,,,,,,,oui,oui,non,520,,120,,,,/,,,
1395,Numa ,Guex,41797886329,non,1580,,,,,,,,oui,oui,non,0,,0,,,,,,,
1652,Elise,Tamburi ,41799004188,non,1205,,,,,,,,oui,oui,non,0,,0,,,,,,,
1141,Etienne,Dayer,41767015627,non,1965,rajouté·e par Alex,2024-04-22 00:00:00,,,,,,oui,oui,non,0,,0,,,,/,,,
1143,Claire,FAVRE,41792848595,non,1245,rajouté·e par Alex,2024-04-22 00:00:00,,,,,,oui,oui,non,0,,0,,,,/,,,
1911,Julien,Pacios,41792914786,non,1004,,,,,,,,oui,oui,non,0,,0,,,,,,,
1657,Leticia,Regueiro,41764244803,non,1205,,,,,,,,oui,oui,non,0,,0,,,,,,,
635,Blaise,Tissot-dit-Sanfin,41244414148,oui,1015,WA!,,,,,,,oui,oui,non,0,,0,,,,/,,,
1147,Nicolas ,Dubail ,41786755494,non,2088,,,,,,,,oui,oui,non,0,,0,,,,,,,
1659,Elena,Sugrañes,41797957557,non,1296,,,,,,,,oui,oui,non,0,,0,,,,,,,
636,Nadine,Dick,41774082842,oui,1350,,,,,,,,oui,oui,non,0,,0,,,,/,,,
381,Sandra,Robert-Nicoud,41799324993,oui,1423,,,,,,,,oui,oui,non,50,Contact amorcé,50,,,,Alexis,,,"pas de réseau sociaux, ne peux pas donner actuellement car situation compliqué mais très potentiellement plus tard"
1150,Yves,Ludwig,41764402448,non,1700,,,,,,,,oui,oui,non,0,,0,,,,/,,,
1406,Igor,Reinhardt,41216241960,non,1004,,,,,,,,oui,oui,non,0,À rappeler,0,,,,Pauline,Appelé le 16/05,,"Au vu de son don lors de la dernière campagne, ce serait important de le contacter pour faire un 1-1."
1919,Bertsnd,Lauber,41798014107,non,1008,,,,,,,,oui,oui,non,0,,0,,,,,,,
384,Hubert,Cudré,41797101562,oui,1007,,,,,,,,oui,oui,non,0,,0,,,,Tarek,,,
1152,Chiara,Occhipinti ,41786829443,non,1005,rajouté·e par Alex,2024-04-22 00:00:00,,,,,,oui,oui,non,0,,0,,,,/,,,
1408,Lisseth,Rodriguez,41787791822,non,1070,,,,,,,,oui,oui,non,0,,0,,,,/,,,
1664,Anja,Imobersteg,41763803347,non,1260,,,,,,,,oui,oui,non,0,,0,,,,,,,
129,Timothée,Guitard,41787734844,oui,1026,,,,,,,,oui,oui,non,0,,0,,,,/,,,
641,Isabel,Gimenez,41793784858,oui,1007,,,,,,,,oui,oui,non,0,Contact amorcé,0,,,,Lighea,Ne répondait pas ==> J'ai laissé un message.,,
1410,Pierrik,Jordan,41787149507,non,2900,,,,,,,,oui,oui,non,0,,0,,,,,,,
1666,Leonard,Mugny,41764341004,non,1224,,,,,,,,oui,oui,non,0,,0,,,,,,,
1922,Hacer,Kucukbicakci,41791011629,non,1052,,,,,,,,oui,oui,non,0,,0,,,,,,,
1669,Julie,Deslandes,33618871283,non,74100,,,,,,,,oui,oui,non,0,,0,,,,,,,
1159,Yvan,Rosset,41795777051,non,1066,,,,,,,,oui,oui,non,0,,0,,,,/,,,
1671,Romain,Moracchini-Villard,41798179664,non,1815,,,,,,,,oui,oui,non,0,,0,,,,Julie,,,
1416,Mahélia,Benz-Hetzel,41797481574,non,1700,a rejoint grâce au lien d'invitation,2024-04-11 00:00:00,,,,,,oui,oui,non,20,,20,,,,,,,
649,Isabelle,Looten Berthoud,41792124076,oui,1290,,,,,,,,oui,oui,non,580,,80,,,,,,,
1161,Jérôme ,Dubois ,41797645811,non,1005,,,,,,,,oui,oui,non,0,,0,,,,,,,
1929,Ian,Novotny,41796356282,non,1007,,,,,,,,oui,oui,non,0,,0,,,,,,,
1162,Matthieu ,Girod ,41786239602,non,1700,,,,,,,,oui,oui,non,100,,100,,,,/,,,
1418,Basile,Gaillard,41788834766,non,1022,rajouté·e par Alex,2024-04-22 00:00:00,,,,,,oui,oui,non,0,,0,,,,,,,
1675,Celine,Perino,41797738515,non,1225,,,,,,,,oui,oui,non,0,,0,,,,Alexandre,,,
1677,Hilde,Van Der Molen,41788191408,non,1208,,,,,,,,oui,oui,non,0,Non contacté,0,,,,Alexandre,,,
1679,Batalha,Adriana,41766796453,non,1203,,,,,,,,oui,oui,non,0,,0,,,,,,,
144,Françoise,Messant,41797769268,oui,1007,,,,,,,,oui,oui,non,0,,0,,,,Camille,,,
1427,Jonathan ,Terrier,41774159961,non,2710,,,,,,,,oui,oui,non,0,,0,,,,,,,
1172,Christopher ,kaiser ,41762128178,non,1005,rajouté·e par Alex,2024-04-22 00:00:00,2024-04-22 00:00:00,,,,,oui,oui,non,0,,0,,,,,,,
1173,Fabienne,Titinchi,41796447953,non,1800,,,,,,,,oui,oui,non,0,,0,,,,,,,
1685,Luca,Triboux,41787195892,non,1227,,,,,,,,oui,oui,non,0,,0,,,,,,,
1944,Isaac,Pante,41786233404,non,1005,,,,,,,,oui,oui,non,0,,0,,,,,,,
153,Emily,Carrara,41789073973,oui,1004,rajouté·e par Alex,2024-04-22 00:00:00,,,,,,oui,oui,non,0,,0,,,,/,,,
1177,Julien ,Grob,41765421933,non,1820,,,,,,,,oui,oui,non,0,À rappeler,0,,,,Alexis,,Rappeler vendredi après midi ,
1689,Vincent,Cassar,41763107670,non,1201,,,,,,,,oui,oui,non,0,À rappeler,0,,,,Julie,,,
1178,Kabita,Ott,41766808688,non,2000,,,,,,,,oui,oui,non,0,,0,,,,,,,
1437,Louis,Barras,41794620857,non,3960,,,,,,,,oui,oui,non,0,,0,,,,,,,
1693,Tiphaine,Robert,41785845322,non,1700,a rejoint grâce au lien d'invitation,2024-04-25 00:00:00,,,,,,oui,oui,non,120,Non contacté,120,,,,Pauline,,,Numéro faux (079) avait deja donné 200.-
158,Stanley,Cholly,41774758508,oui,1008,,,,,,,,oui,oui,non,0,,0,,,,/,,,
1185,Stéphane,Wild,41788894113,non,1880,rajouté·e par Steven,2024-03-25 00:00:00,,,,,,oui,oui,non,240,,120,,,,Julie,,,
1186,Blanche,Obratov,41763416373,non,1080,rajouté·e par Alex,2024-04-22 00:00:00,,,,,,oui,oui,non,0,,0,,,,Julie,,,
1699,Alexandra,Milosevic,41797835338,non,1205,,,,,,,,oui,oui,non,0,,0,,,,,,,
1188,cedric,germain,41787550043,non,1867,rajouté·e par Alex,2024-04-22 00:00:00,,,,,,oui,oui,non,0,,0,,,,,,,
1447,Claude,Perrolle,41792275840,non,2905,rajouté·e par Alex,2024-04-22 00:00:00,,,,,,oui,oui,non,400,,200,,,,,,,
1193,André ,Engetschwiler ,41786032500,non,1003,rajouté·e par Alex,2024-04-22 00:00:00,2024-04-26 00:00:00,,,,,oui,oui,non,0,,0,,,,,,,
1961,Adrien,Deillon,41794843289,non,1619,,,,,,,,oui,oui,non,0,,0,,,,,,,
170,Julien,Favre,41799349913,oui,1245,,,,,,,,oui,oui,non,0,,0,,,,Julie,,,
1195,Nicole,Froment,41789197278,non,2073,,,,,,,,oui,oui,non,0,,0,,,,Gary,,,
1196,Corinne,Bonard,41763084043,non,1018,rajouté·e par Alex,2024-04-22 00:00:00,2024-08-28 00:00:00,,,,,oui,oui,non,0,,0,,,,/,,,
1197,Julia,Prêtre,41786356135,non,1110,,,,,,,,oui,oui,non,20,,20,,,,,,,
430,Cécile,Bessire,41795215142,oui,2603,rajouté·e par Alex,2024-04-22 00:00:00,,,,,,oui,oui,non,0,À rappeler,0,,,,Alexis,"Appelé le 01/05, n'a pas répondu, SMS envoyé",,
431,François,Jakob,41799641467,oui,2603,rajouté·e par Alex,2024-03-24 00:00:00,,,,,,oui,oui,non,10,Ne souhaite pas être recontacté-e,10,,,,Alexis,"Appelé le 01/05, n'a pas répondu, SMS envoyé",,"Appelé le 01/05, n'a pas répondu, SMS envoyé. A répondu qu'il était déjà bien occupé avc Liberate Switzerland"
1967,Céline ,Studer ,41792661112,non,1004,,,,,,,,oui,oui,non,0,,0,,,,,,,
1203,Cedric,Dumans,41797417654,non,1006,rajouté·e par Alex,2024-04-22 00:00:00,2024-04-26 00:00:00,,,,,oui,oui,non,0,,0,,,,,,,
1715,Timy ,Hürlimann ,41796363250,non,2933,,,,,,,,oui,oui,non,0,,0,,,,,,,
180,Elena,Kohler,41794784230,oui,1012,rajouté·e par Alex,2024-04-22 00:00:00,,,,,,oui,oui,non,250,,0,,,,/,,,
1204,Melissa,Caloz,41795395316,non,1006,,,,,,,,oui,oui,non,0,,0,,,,,,,
1717,Félicien,Zaugg,41786314179,non,2000,,,,,,,,oui,oui,non,30,,30,,,,,,,
1207,Helene,Sapin,41782416900,non,1957,a rejoint grâce à votre invitation,2024-03-25 00:00:00,,,,,,oui,oui,non,0,Non contacté,0,,,,Alexandre,,,
1208,Elsy,Couach,41798262672,non,1929,rajouté·e par Alex,2024-04-22 00:00:00,,,,,,oui,oui,non,0,,0,,Alex,,Tarek,,,
1209,Olivier,Hasler,41765215223,non,1031,,,,,,,,oui,oui,non,0,,0,,,,,,,
1721,Peter,Splinter,41793528302,non,1206,,,,,,,,oui,oui,non,0,,0,,,,,,,
1210,Rossella ,Riccaboni ,41794587414,non,1206,,,,,,,,oui,oui,non,0,Contact amorcé,0,,,,Pauline,,,Avait deja organisé un rdv avec quelqu'un d'agissons.
1466,Laurent ,Charlet,41794772360,non,1468,,,,,,,,oui,oui,non,0,,0,,,,,,,
1211,Stéphane,Terrier,41764103018,non,1009,,,,,,,,oui,oui,non,0,,0,,,,,,,
1212,Sheldon ,Masseraz ,41791966177,non,1950,rajouté·e par Alex,2024-03-24 00:00:00,,,,,,oui,oui,non,0,,0,Sympathisant·e,Alex,2024-04-08 00:00:00,Alexandre,,,
1980,Lia,Kiabala,41793052249,non,1012,,,,,,,,oui,oui,non,0,,0,,,,,,,
1469,Anna Katharina ,Richoz ,41791757851,non,1965 ,rajouté·e par Alex,2024-04-22 00:00:00,2024-04-25 00:00:00,,,,,oui,oui,non,0,,0,,,,,,,
1982, Claudia,Bonard,41764734481,non,1018,,,,,,,,oui,oui,non,0,,0,,,,,,,
1218,Virgile,Hernicot,41789810767,non,1006,,,,,,,,oui,oui,non,0,,0,,,,,,,
1986,Nicoletta,Caputo,41762033941,non,1018,,,,,,,,oui,oui,non,0,,0,,,,,,,
1219,Sarah,Habermacher,41798181643,non,1305,,,,,,,,oui,oui,non,0,À rappeler,0,,,,Alexis,"Appelé le 01/05, n'a pas répondu, SMS envoyé",,
1475,Boris,Lötscher,41210000000,non,1018,,,,,,,,oui,oui,non,0,,0,,,,,,,
201,Sarah,Baur,41765882567,oui,1610,,,,,,,,oui,oui,non,20,,20,,,,/,,,
1225,Anne-Marie,Stamm,41796411061,non,1875,Invité·e à rejoindre,,,,,,,oui,oui,non,0,,0,,,,,,,
203,Christa,Bauer,41788995957,oui,1699,Invité·e à rejoindre,,,,,,,oui,oui,non,0,,0,,,,Gary,,,
1227,Swann,Cherpillod,41797438224,non,1260,,,,,,,,oui,oui,non,0,,0,,,,,,,
1228,Nicolas,Monnier,41764232834,non,1007,,,,,,,,oui,oui,non,0,,0,,,,,,,
463,Anthony,Zufferey,41786254789,oui,3968,rajouté·e par Alex,2024-04-22 00:00:00,,,,,,oui,oui,non,0,,0,,,,,,,
1231,Jonathan,Levy,41789224956,non,1202,,,,,,,,oui,oui,non,0,,0,,,,,,,
1232,Selina ,Lerch,41795555715,non,2503,,,,,,,,oui,oui,non,0,Contact amorcé,0,,,,Pauline,Appelé le 24/05 et le 28/05,,ne peut pas parler au telephone car micro cassé. A rappeler Mardi 28. Rappelée le 28
721,Dominique,Bertrand,41782584240,oui,1400,rajouté·e par Alex,2024-04-22 00:00:00,2024-08-28 00:00:00,,,,,oui,oui,non,40,,40,,,,Alexandre,,,
1234,Alicia,Luther,41782223767,non,1066,rajouté·e par Alex,2024-04-22 00:00:00,2024-04-28 00:00:00,,,,,oui,oui,non,0,,0,,,,,,,
1235,Patricia ,Zurcher Maquignaz ,41786028103,non,1020,,,,,,,,oui,oui,non,0,Contact amorcé,0,,,,Lighea,Ne répondait pas ==> J'ai laissé un message.,,
1491,Mélanie,Grin,41797084935,non,1004,,,,,,,,oui,oui,non,0,À rappeler,0,,,,Pauline,Va envoyer les moments adaaptés pour l'appeler. Si pas de message: envoyer un message pour rappeler.,,
2003,Ariane,de Rham,41798145445,non,1030,,,,,,,,oui,oui,non,100,,100,,,,,,,
1236,Chloé,Marquis,41782057629,non,1400,a rejoint grâce au lien d'invitation,2024-04-10 00:00:00,,,,,,oui,oui,non,0,,0,,,,,,,
2004,Marion,Keller,41792898303,non,1030,,,,,,,,oui,oui,non,0,,0,,,,,,,
1493,Daniele,Roppolo,41772532214,non,1006,rajouté·e par Alex,2024-04-22 00:00:00,2024-04-22 00:00:00,,,,,oui,oui,non,0,,0,,,,/,,,
1749,Miriam ,Bechtel ,41798375839,non,1271,,,,,,,,oui,oui,non,0,,0,,,,,,,
982,danielle,schneeberger,41768225270,oui,1003,rajouté·e par Alex,2024-04-22 00:00:00,2024-04-22 00:00:00,,,,,oui,oui,non,0,Ne souhaite pas être recontacté-e,0,,,,Julie,,,
1752,Regula ,König Müller,41216919680,non,1004,,,,,,,,oui,oui,non,0,,0,,,,,,,
473,Celia,Fleury-Schaller,41786384057,oui,2740,rajouté·e par Alex,2024-04-22 00:00:00,,,,,,oui,oui,non,0,,0,,,,/,,,
1245,Julie,Cacheiro ,41764927443,non,1872,,,,,,,,oui,oui,non,0,,0,,,,,,,
1759,Sara,Morgantini ,41780000000,non,1012,,,,,,,,oui,oui,non,0,,0,,,,,,,
1248,Marion,Chapuis,41788830189,non,1004,,,,,,,,oui,oui,non,0,,0,,,,,,,
1504,Matthieu,Gillot,33616444108,non,1950,,,,,,,,oui,oui,non,0,,0,,,,,,,
1505,Nissa,Zarrabi,41788341314,non,25330,,,,,,,,oui,oui,non,50,,50,,,,Julie,,,Envoyer message avec infos pour la soirée de lancement + 
1761,Jean-Luc,Laurent,41797550649,non,1012,,,,,,,,oui,oui,non,0,,0,,,,,,,
1506,Marc ,BONARD ,41792291232,non,1018,,,,,,,,oui,oui,non,0,,0,,,,/,,,
228,Nadja,Roulet,41797430721,oui,2000,,,,,,,,oui,oui,non,0,,0,,,,/,,,
1252,Sabrina ,Picotte ,41216525005,non,1077,,,,,,,,oui,oui,non,0,,0,,,,,,,
230,Jo,Boegli,41765270107,oui,1005,,,,,,,,oui,oui,non,120,,120,,,,Lighea,Envoyer un message une semaine avant la fin du crowdfunding,,"Avait été vérificatrice de nos comptes. Suit pas mal de mouvements et donne régulièrement ici et là, pas chaude cette fois-ci. Néanmoins elle est d'accord de faire tourner l'appel et la demande de dons auprès de son entourage."
1766,Cyril,Tinguely ,41774934750,non,1010,,,,,,,,oui,oui,non,0,,0,,,,,,,
1255,Aurora,Cicciari,41766152365,non,1018,rajouté·e par Alex,2024-04-22 00:00:00,,,,,,oui,oui,non,0,,0,,,,,,,
1513,Raphaëlle,Renken,41796143690,non,1005,,,,,,,,oui,oui,non,0,,0,,,,,,,
1258,Emilien,Curchod,41765324402,non,1004,rajouté·e par Alex,2024-04-22 00:00:00,,,,,,oui,oui,non,0,,0,,,,,,,
1515,Fanny,Da Silva,41795017463,non,1052,,,,,,,,oui,oui,non,0,,0,,,,/,,,
1771,Stéphanie ,Moeckli ,41795787787,non,1005 Lausa,,,,,,,,oui,oui,non,0,,0,,,,,,,
1774,Martine,Faccini ,41794347363,non,1052,,,,,,,,oui,oui,non,0,,0,,,,,,,
1263,Valérie ,Clerc,41788711637,non,1201,,,,,,,,oui,oui,non,0,,0,,,,,,,
1776,Marc,Friederich,41797502601,non,1006,,,,,,,,oui,oui,non,0,,0,,,,,,,
1777,Isabelle ,Hubert ,41787950954,non,1052,,,,,,,,oui,oui,non,0,,0,,,,,,,
1266,iouri,Prost,41783250800,non,1025,,,,,,,,oui,oui,non,0,,0,,,,,,,
1778,Emmanuel,Peres,33637640856,non,75019,,,,,,,,oui,oui,non,0,,0,,,,,,,
1524,Anne,Berthoud ,41792827234,non,1253,rajouté·e par Alex,2024-04-22 00:00:00,,,,,,oui,oui,non,0,,0,,,,Gary,,,
1780,Karin,Roten,41799376140,non,1000,,,,,,,,oui,oui,non,0,,0,,,,,,,
1270,Sylvie,Moser Kupper,41786676129,non,1110,,,,,,,,oui,oui,non,0,,0,,,,Gary,,,
503,Thierry,Fracheboud,41792460895,oui,1400,,,,,,,,oui,oui,non,0,,0,,,,,,,
1271,Sébastien,Deriaz ,41787589951,non,1422,,,,,,,,oui,oui,non,0,,0,,,,,,,
1783,Nicolas,Dubois,41774730467,non,1007,,,,,,,,oui,oui,non,0,,0,,,,,,,
248,André,Balestrini,41766791479,oui,1007,rajouté·e par Alex,2024-04-22 00:00:00,,,,,,oui,oui,non,160,Don validé,60,,,,Pauline,Appelé le 24/05,,n'a pas de moyens et fait une pause du militantisme mais a partagé avec ses proches t m'a dit qu'il reflechirait à donner une petite somme
1272,Juliane ,Ingold,41787668227,non,1006,a rejoint grâce au lien d'invitation,2024-04-11 00:00:00,,,,,,oui,oui,non,0,,0,,,,,,,
1528,Michèle,Ernst Stähli,41774031326,non,1095,,,,,,,,oui,oui,non,0,,0,,,,,,,
1784,Estelle ,Bersier ,41792132141,non,1012,,,,,,,,oui,oui,non,0,,0,,,,,,,
1785,Denis,Rawyler,41774711817,non,1950,,,,,,,,oui,oui,non,0,,0,,,,,,,
250,Ghislaine,Weyermann,41763684286,oui,1005,,,,,,,,oui,oui,non,0,,0,,,,/,,,
1788,Fulvio,Bernasconi,41792146150,non,1005,,,,,,,,oui,oui,non,20,,20,,,,,,,
1022,Valerio,Meschi,41764501355,oui,1006,,,,,,,,oui,oui,non,0,,0,,,,,,,
1278,Patrick,Stamm,41797732264,non,1875,,,,,,,,oui,oui,non,0,,0,,,,,,,
1279,Benoit,Pasquier,41774926522,non,1008,rajouté·e par Alex,2024-04-22 00:00:00,,,,,,oui,oui,non,0,,0,,,,/,,,
2104,,,41789236281,non,,a rejoint grâce au lien d'invitation,2024-05-22 00:00:00,,2024-05-24 00:00:00,,2024-05-24 00:00:00,,non,non,non,,,,,,,,,,
2098,Alexis Chanel,,33687893842,non,,a rejoint grâce au lien d'invitation,2024-05-01 00:00:00,,2024-05-01 00:00:00,,2024-05-01 00:00:00,,non,non,non,,,,,,,,,,
2094,Nouh Latoui,,41799310321,non,,a rejoint grâce au lien d'invitation,2024-04-30 00:00:00,,,,2024-04-30 00:00:00,,non,non,non,,,,,,,,,,
1062,Hirow,Khoshekdaman,41789409010,oui,1015,a rejoint grâce au lien d'invitation,2024-03-21 00:00:00,,2024-03-24 00:00:00,,2024-04-21 00:00:00,,non,non,non,0,,,,,,,,,
2075,Julien P.,,41764303443,non,,rajouté·e par Alex,2024-04-03 00:00:00,,2024-04-04 00:00:00,,2024-04-17 00:00:00,,non,non,non,,,,,,,,,,
252,Camille,Giovannini,41794890654,oui,1400,rajouté·e par Steven,2024-03-25 00:00:00,,,,2024-04-17 00:00:00,,non,non,non,0,,,,,,,,,
667,Pauline,Conti,41789243288,oui,1005,a rejoint grâce au lien d'invitation,2024-03-23 00:00:00,,2024-03-24 00:00:00,,2024-03-23 00:00:00,,non,non,non,80,,60,,,,,,,
2103,,,33627536556,non,,a rejoint grâce au lien d'invitation,2024-05-17 00:00:00,,2024-05-23 00:00:00,,,,non,non,non,,,,,,,,,,
2097,Sara Bornet,,41774813265,non,,a rejoint grâce au lien d'invitation,2024-05-01 00:00:00,,2024-05-01 00:00:00,,,,non,non,non,,,,,,,,,,
2087,David Laou,,33619966908,non,,rajouté·e par Alex,2024-04-19 00:00:00,,2024-04-26 00:00:00,,,,non,non,non,,,,,,,,,,
2088,Silvia Camenzind,,41796238983,non,,rajouté·e par Alex,2024-04-19 00:00:00,,2024-04-22 00:00:00,,,,non,non,non,,,,,,,,,,
2090,Julie Papet,,41764737473,non,,a rejoint grâce au lien d'invitation,2024-04-20 00:00:00,,2024-04-21 00:00:00,,,,non,non,non,,,,,,,,,,
2081,Fabio Veillon,,41788243003,non,,a rejoint grâce au lien d'invitation,2024-04-14 00:00:00,,2024-04-18 00:00:00,,,,non,non,non,,,,,,,,,,
2044,Elie Fournier,,41792766163,non,,rajouté·e par Alex,2024-03-24 00:00:00,,2024-04-18 00:00:00,,,,non,non,non,,,,Bénévole confirmé·e,Alex,2024-04-08 00:00:00,Alex,"Dispo pour aider le 17 et le 19, 1:1 le 18/04",,
2078,Louis Goy,,41764408983,non,,a rejoint grâce au lien d'invitation,2024-04-11 00:00:00,,2024-04-17 00:00:00,,,,non,non,non,,,,,,,,,,
2076,Alicia Del Carmen Perez Domouso,,41762174101,non,,a rejoint grâce au lien d'invitation,2024-04-05 00:00:00,,2024-04-11 00:00:00,,,,non,non,non,,,,,,,,,,
717,Thomas,Miauton,41786819435,oui,1007,rajouté·e par Steven,2024-03-25 00:00:00,,2024-04-02 00:00:00,,,,non,non,non,0,,,,,,,,,
2059,Sophie Lugon,,41794828903,non,,a rejoint grâce à votre invitation,2024-03-24 00:00:00,,2024-03-28 00:00:00,,,,non,non,non,,,,,,,,,,
2072,Oscar Hughes,,41774461199,non,,rajouté·e par Steven,2024-03-25 00:00:00,,2024-03-27 00:00:00,,,,non,non,non,,,,,,,,,,
2043,Désirée Monbaron,,41788637556,non,,rajouté·e par Alex,2024-03-24 00:00:00,,2024-03-26 00:00:00,,,,non,non,non,,,,Bénévole potentiel·le,Alex,2024-04-08 00:00:00,Alex,Proposé 1:1,,
2049,Lucia  Panelli,,41788613721,non,,rajouté·e par Alex,2024-03-24 00:00:00,,2024-03-25 00:00:00,,,,non,non,non,,,,Sympathisant·e,Alex,2024-04-08 00:00:00,Alex,Proposé 1:1,,
2050,Mandy Massy,,41786230751,non,,rajouté·e par Alex,2024-03-24 00:00:00,,2024-03-25 00:00:00,,,,non,non,non,,,,Bénévole potentiel·le,Alex,2024-04-08 00:00:00,Alex,Proposé 1:1,,
2073,Virginia Halecka,,41774141201,non,,rajouté·e par Steven,2024-03-25 00:00:00,,2024-03-25 00:00:00,,,,non,non,non,,,,,,,,,,
2045,Elie Jolis,,41797233858,non,,rajouté·e par Alex,2024-03-24 00:00:00,,2024-03-25 00:00:00,,,,non,non,non,,,,,,,,,,
12,pablo,zubieta,41764788611,oui,1007,rajouté·e par Alex,2024-03-24 00:00:00,,2024-03-24 00:00:00,,,,non,non,non,310,,,Sympathisant·e,,,,,,
